ID_cliente|tipo_transacao_mais_frequente|tolerancia_risco|valor_investido|valor_investido_acoes|valor_investido_fii|valor_investido_dolar|valor_investido_renda_fixa|perfil
1|Investimentos|Baixa|971843|47473|581110|196765|146495|Conservador
2|Transferências|Moderado|20594|5369|4009|6662|4554|Moderado
3|Investimentos|Moderado|617958|440851|63165|25113|88829|Arrojado
4|Pagamentos|Alta|893161|621503|169623|2145|99890|Arrojado
5|Transferências|Moderado|98889|29075|34819|18493|16502|Conservador
6|Transferências|Alta|709158|643009|21722|12258|32169|Arrojado
7|Pagamentos|Baixa|131255|9157|64987|31679|25432|Conservador
8|Transferências|Baixa|494016|106599|207332|17235|162850|Conservador
9|Investimentos|Alta|443140|312662|69201|9260|52017|Arrojado
10|Investimentos|Moderado|191813|69168|18410|65192|39043|Moderado
11|Investimentos|Baixa|942637|56503|306104|387821|192209|Conservador
12|Pagamentos|Alta|798334|546816|199777|24457|27284|Arrojado
13|Transferências|Alta|282608|261086|10503|3652|7367|Arrojado
14|Pagamentos|Alta|518283|311561|19211|161830|25681|Arrojado
15|Pagamentos|Alta|250719|26208|220201|2343|1967|Arrojado
16|Pagamentos|Baixa|635562|225214|42985|123666|243697|Conservador
17|Transferências|Moderado|46446|10152|30043|1528|4723|Arrojado
18|Pagamentos|Alta|227152|204804|1583|19081|1684|Arrojado
19|Investimentos|Moderado|502642|258918|107164|31570|104990|Moderado
20|Transferências|Baixa|62192|8044|21855|14953|17340|Conservador
21|Investimentos|Alta|985270|918179|60361|4887|1843|Arrojado
22|Transferências|Alta|183783|141396|39087|3054|246|Arrojado
23|Pagamentos|Moderado|69887|34259|19285|8901|7442|Moderado
24|Investimentos|Alta|937143|732957|40299|157856|6031|Arrojado
25|Transferências|Moderado|490291|373634|51429|49499|15729|Arrojado
26|Pagamentos|Baixa|894255|492594|50555|39537|311569|Conservador
27|Transferências|Alta|928287|121817|786115|14993|5362|Arrojado
28|Investimentos|Moderado|968762|519221|54354|284616|110571|Moderado
29|Investimentos|Alta|171943|139781|13486|13518|5158|Arrojado
30|Investimentos|Moderado|826146|731638|13474|62502|18532|Arrojado
31|Pagamentos|Alta|703479|608750|62566|22801|9362|Arrojado
32|Pagamentos|Alta|427858|37867|387270|1077|1644|Arrojado
33|Transferências|Alta|393511|294265|3909|64047|31290|Arrojado
34|Pagamentos|Baixa|743173|23097|138965|30206|550905|Conservador
35|Transferências|Moderado|884798|316502|216477|291782|60037|Moderado
36|Pagamentos|Alta|949360|865893|4694|2067|76706|Arrojado
37|Transferências|Alta|207105|149706|26563|13410|17426|Arrojado
38|Investimentos|Alta|886491|803395|29834|8538|44724|Arrojado
39|Investimentos|Moderado|540050|271551|34306|21963|212230|Conservador
40|Pagamentos|Alta|767310|651696|63640|38179|13795|Arrojado
41|Transferências|Alta|386494|265719|119805|571|399|Arrojado
42|Transferências|Alta|200250|25192|19766|137539|17753|Arrojado
43|Transferências|Baixa|333572|101594|193241|24187|14550|Conservador
44|Pagamentos|Alta|895469|843678|50076|370|1345|Arrojado
45|Pagamentos|Alta|887226|603345|174430|6296|103155|Arrojado
46|Pagamentos|Alta|407326|405004|485|950|887|Arrojado
47|Transferências|Alta|724228|437694|188147|14596|83791|Arrojado
48|Investimentos|Baixa|634419|220634|178608|19832|215345|Conservador
49|Investimentos|Alta|397282|125776|250723|381|20402|Arrojado
50|Investimentos|Alta|558242|513173|37195|766|7108|Arrojado
51|Transferências|Baixa|540013|42873|320788|151472|24880|Conservador
52|Transferências|Moderado|802784|642845|68639|12839|78461|Arrojado
53|Investimentos|Moderado|669540|447337|168410|24200|29593|Arrojado
54|Investimentos|Alta|270614|256893|4552|3439|5730|Arrojado
55|Investimentos|Alta|248507|178149|61570|4412|4376|Arrojado
56|Transferências|Baixa|785753|159788|347402|39236|239327|Conservador
57|Pagamentos|Baixa|641619|29412|216614|280688|114905|Conservador
58|Transferências|Baixa|516796|115736|231834|65834|103392|Conservador
59|Pagamentos|Moderado|678031|295682|54655|187009|140685|Moderado
60|Investimentos|Alta|861971|558827|158756|92337|52051|Arrojado
61|Investimentos|Baixa|777732|17480|390657|152|369443|Conservador
62|Investimentos|Moderado|806986|405679|62117|33866|305324|Conservador
63|Pagamentos|Alta|289389|283736|2926|2081|646|Arrojado
64|Pagamentos|Alta|784481|706507|19734|33173|25067|Arrojado
65|Transferências|Baixa|257993|85182|16266|58932|97613|Conservador
66|Pagamentos|Alta|842209|154159|666601|395|21054|Arrojado
67|Investimentos|Alta|910351|582847|234916|46138|46450|Arrojado
68|Investimentos|Alta|370514|236938|63843|17594|52139|Arrojado
69|Transferências|Moderado|914414|372410|321363|192349|28292|Moderado
70|Pagamentos|Moderado|225986|74546|97407|39067|14966|Moderado
71|Pagamentos|Alta|345699|5837|266375|61001|12486|Arrojado
72|Pagamentos|Moderado|561658|229029|59052|164086|109491|Moderado
73|Transferências|Baixa|43175|7484|2142|18630|14919|Conservador
74|Transferências|Alta|673641|613872|31894|23306|4569|Arrojado
75|Pagamentos|Moderado|500899|105158|89545|279765|26431|Moderado
76|Transferências|Alta|200544|162870|29189|5547|2938|Arrojado
77|Transferências|Alta|682207|585862|68785|17592|9968|Arrojado
78|Transferências|Alta|606329|82290|486530|21198|16311|Arrojado
79|Pagamentos|Moderado|194629|170183|7102|6776|10568|Arrojado
80|Investimentos|Alta|712050|623843|29523|31208|27476|Arrojado
81|Pagamentos|Baixa|952574|220214|236891|154442|341027|Conservador
82|Investimentos|Alta|431257|313295|79352|25019|13591|Arrojado
83|Transferências|Moderado|154332|54382|97804|693|1453|Arrojado
84|Pagamentos|Baixa|356766|47356|91292|116841|101277|Conservador
85|Pagamentos|Baixa|795833|33507|334926|37610|389790|Conservador
86|Pagamentos|Baixa|373695|119809|103802|24551|125533|Conservador
87|Transferências|Moderado|464342|94202|137006|222833|10301|Moderado
88|Investimentos|Moderado|605598|74823|32878|326429|171468|Moderado
89|Transferências|Alta|39494|10243|3020|24794|1437|Arrojado
90|Investimentos|Baixa|104188|30389|5718|10315|57766|Conservador
91|Pagamentos|Moderado|573897|399176|68185|34264|72272|Arrojado
92|Investimentos|Baixa|447072|31056|199035|20938|196043|Conservador
93|Transferências|Moderado|912472|386301|230677|193813|101681|Moderado
94|Pagamentos|Alta|405236|18587|305193|79248|2208|Arrojado
95|Investimentos|Moderado|331093|260909|21945|26201|22038|Arrojado
96|Pagamentos|Moderado|558243|445485|106867|2911|2980|Arrojado
97|Investimentos|Moderado|924855|2870|603891|193334|124760|Arrojado
98|Transferências|Moderado|698673|84576|426828|117505|69764|Arrojado
99|Pagamentos|Moderado|579257|231578|116684|183102|47893|Moderado
100|Investimentos|Alta|800824|545022|47676|159625|48501|Arrojado
101|Pagamentos|Moderado|610859|489507|73668|1403|46281|Arrojado
102|Transferências|Alta|526461|102067|355305|11526|57563|Arrojado
103|Pagamentos|Alta|32006|24775|2535|1687|3009|Arrojado
104|Transferências|Moderado|852965|179626|66164|508818|98357|Moderado
105|Investimentos|Moderado|77165|40689|20921|3932|11623|Moderado
106|Pagamentos|Moderado|379913|10413|30474|130427|208599|Conservador
107|Investimentos|Alta|707691|520537|92238|52599|42317|Arrojado
108|Pagamentos|Moderado|958426|399377|371320|113331|74398|Moderado
109|Investimentos|Alta|947196|825558|34780|22446|64412|Arrojado
110|Transferências|Alta|430525|368365|8379|38686|15095|Arrojado
111|Transferências|Moderado|625298|621876|433|2679|310|Arrojado
112|Investimentos|Moderado|642938|294067|290994|44222|13655|Moderado
113|Transferências|Moderado|279946|145557|34112|53732|46545|Moderado
114|Investimentos|Baixa|864174|286317|228706|89881|259270|Conservador
115|Transferências|Moderado|111231|3267|45311|56324|6329|Moderado
116|Transferências|Moderado|890611|678328|64297|1230|146756|Arrojado
117|Investimentos|Alta|94309|62591|19132|7546|5040|Arrojado
118|Investimentos|Moderado|501768|462823|9319|21524|8102|Arrojado
119|Transferências|Alta|75577|74446|323|164|644|Arrojado
120|Investimentos|Baixa|71122|9104|3169|5602|53247|Conservador
121|Investimentos|Moderado|726615|5061|36063|477442|208049|Arrojado
122|Pagamentos|Moderado|898912|457407|217009|137040|87456|Moderado
123|Pagamentos|Alta|519507|483287|2037|25695|8488|Arrojado
124|Pagamentos|Baixa|604811|204196|236148|13837|150630|Conservador
125|Pagamentos|Moderado|230462|26363|41852|133993|28254|Moderado
126|Investimentos|Moderado|87147|26241|21814|23992|15100|Moderado
80|Investimentos|Alta|712050|623843|29523|31208|27476|Arrojado
81|Pagamentos|Baixa|952574|220214|236891|154442|341027|Conservador
82|Investimentos|Alta|431257|313295|79352|25019|13591|Arrojado
83|Transferências|Moderado|154332|54382|97804|693|1453|Arrojado
84|Pagamentos|Baixa|356766|47356|91292|116841|101277|Conservador
85|Pagamentos|Baixa|795833|33507|334926|37610|389790|Conservador
86|Pagamentos|Baixa|373695|119809|103802|24551|125533|Conservador
87|Transferências|Moderado|464342|94202|137006|222833|10301|Moderado
88|Investimentos|Moderado|605598|74823|32878|326429|171468|Moderado
89|Transferências|Alta|39494|10243|3020|24794|1437|Arrojado
90|Investimentos|Baixa|104188|30389|5718|10315|57766|Conservador
127|Transferências|Moderado|387518|128637|79154|162459|17268|Moderado
128|Investimentos|Moderado|885097|445730|236548|185587|17232|Moderado
129|Pagamentos|Alta|847579|52491|736527|57240|1321|Arrojado
130|Investimentos|Alta|671897|619682|42050|9033|1132|Arrojado
131|Investimentos|Moderado|316723|173763|127157|5796|10007|Moderado
132|Investimentos|Baixa|760204|269877|404652|67626|18049|Conservador
133|Pagamentos|Moderado|526364|472321|42658|9982|1403|Arrojado
134|Investimentos|Baixa|862544|93782|67253|71619|629890|Conservador
135|Investimentos|Moderado|1287|68|852|121|246|Arrojado
136|Investimentos|Moderado|721682|470629|183467|3969|63617|Arrojado
137|Pagamentos|Alta|505880|363744|108070|636|33430|Arrojado
138|Investimentos|Alta|334243|226338|41655|46924|19326|Arrojado
139|Transferências|Moderado|480125|215326|155751|48337|60711|Moderado
140|Transferências|Moderado|814603|446620|315|197647|170021|Moderado
141|Investimentos|Alta|729108|575247|132437|5682|15742|Arrojado
142|Investimentos|Alta|785098|488101|195481|3961|97555|Arrojado
143|Investimentos|Alta|19849|13690|2833|2873|453|Arrojado
144|Pagamentos|Alta|277890|44597|189028|5660|38605|Arrojado
145|Transferências|Moderado|883364|154302|177229|426056|125777|Moderado
146|Transferências|Alta|511689|376927|35969|35952|62841|Arrojado
147|Transferências|Alta|852847|693396|126334|29030|4087|Arrojado
148|Pagamentos|Moderado|654601|175702|246513|160972|71414|Moderado
149|Transferências|Moderado|54713|23208|208|27923|3374|Moderado
150|Investimentos|Baixa|608144|73875|335628|144930|53711|Conservador
151|Transferências|Alta|592783|497469|80065|1219|14030|Arrojado
152|Pagamentos|Moderado|857528|284310|95607|316451|161160|Moderado
153|Pagamentos|Moderado|703619|388160|166749|57701|91009|Moderado
154|Transferências|Alta|203805|155891|7073|27163|13678|Arrojado
155|Transferências|Alta|211676|199984|4065|1680|5947|Arrojado
156|Pagamentos|Alta|812408|555039|148260|72316|36793|Arrojado
157|Transferências|Moderado|661135|296698|132917|48660|182860|Moderado
158|Pagamentos|Baixa|541641|251406|279629|9890|716|Conservador
159|Investimentos|Moderado|787858|397717|253551|98053|38537|Moderado
160|Transferências|Baixa|421689|131039|221787|68618|245|Conservador
161|Transferências|Moderado|609363|260609|213810|56231|78713|Moderado
162|Investimentos|Alta|843916|178044|587118|29553|49201|Arrojado
163|Pagamentos|Moderado|398002|173339|162248|40005|22410|Moderado
164|Pagamentos|Moderado|983932|245757|205384|368669|164122|Moderado
165|Investimentos|Alta|941112|64894|838128|17359|20731|Arrojado
166|Investimentos|Alta|791745|516044|202084|12567|61050|Arrojado
167|Pagamentos|Moderado|340476|239403|63343|33004|4726|Arrojado
168|Pagamentos|Moderado|695860|198450|145204|321848|30358|Moderado
169|Pagamentos|Baixa|202389|40116|116696|13689|31888|Conservador
170|Investimentos|Alta|394283|268054|107162|15437|3630|Arrojado
171|Transferências|Alta|12360|1489|10238|221|412|Arrojado
172|Transferências|Alta|132677|83945|24021|14297|10414|Arrojado
173|Transferências|Alta|863575|89957|566456|64465|142697|Arrojado
174|Transferências|Moderado|108671|61138|25726|14588|7219|Moderado
175|Transferências|Alta|215524|156616|54731|2020|2157|Arrojado
176|Investimentos|Moderado|623668|140361|150471|197903|134933|Moderado
177|Transferências|Alta|656656|417039|62089|143505|34023|Arrojado
178|Pagamentos|Alta|298353|180063|81177|25108|12005|Arrojado
179|Investimentos|Moderado|467821|170737|229824|67005|255|Moderado
180|Transferências|Alta|71338|65787|3702|50|1799|Arrojado
181|Pagamentos|Baixa|817493|86869|56860|369952|303812|Conservador
182|Transferências|Baixa|698808|103298|225853|175048|194609|Conservador
183|Transferências|Moderado|422218|149983|40148|172612|59475|Moderado
184|Transferências|Moderado|228764|147836|8762|16161|56005|Arrojado
185|Transferências|Alta|379676|325672|39807|6181|8016|Arrojado
186|Pagamentos|Alta|659695|506318|24629|128255|493|Arrojado
187|Transferências|Moderado|234253|60253|93889|64820|15291|Moderado
188|Transferências|Moderado|635836|162141|199716|228118|45861|Moderado
189|Investimentos|Alta|648714|563073|63028|15723|6890|Arrojado
190|Transferências|Alta|821793|646872|107594|9610|57717|Arrojado
191|Investimentos|Moderado|309904|149999|67959|86591|5355|Moderado
192|Investimentos|Moderado|841221|5367|729722|9355|96777|Arrojado
193|Transferências|Baixa|562200|27255|42961|190207|301777|Conservador
194|Investimentos|Moderado|47388|43042|920|2581|845|Arrojado
195|Transferências|Moderado|776910|245207|323724|149420|58559|Moderado
196|Investimentos|Baixa|840047|48954|446323|328576|16194|Conservador
197|Transferências|Baixa|395506|68753|53114|44598|229041|Conservador
198|Investimentos|Alta|582994|354528|174815|5565|48086|Arrojado
199|Investimentos|Baixa|818959|20204|158998|356753|283004|Conservador
200|Investimentos|Baixa|640496|168798|331806|49701|90191|Conservador
201|Pagamentos|Moderado|46665|11026|6036|20298|9305|Moderado
202|Investimentos|Moderado|458446|432746|1156|21503|3041|Arrojado
203|Pagamentos|Alta|425762|356163|46364|20154|3081|Arrojado
204|Transferências|Baixa|959620|186708|530859|7773|234280|Conservador
205|Investimentos|Alta|805478|587678|195414|8078|14308|Arrojado
206|Transferências|Moderado|577312|334912|102242|107825|32333|Moderado
207|Investimentos|Moderado|55856|4115|12733|24786|14222|Moderado
208|Pagamentos|Alta|193670|130695|24699|38059|217|Arrojado
209|Pagamentos|Moderado|772892|390533|192787|47882|141690|Moderado
210|Transferências|Moderado|290227|137022|79494|51416|22295|Moderado
211|Pagamentos|Baixa|180423|20882|106846|14243|38452|Conservador
212|Transferências|Moderado|192351|86474|13239|83332|9306|Moderado
213|Investimentos|Moderado|56956|28455|23551|4754|196|Moderado
214|Pagamentos|Alta|325909|208038|45581|67120|5170|Arrojado
215|Pagamentos|Alta|626013|72370|504895|32499|16249|Arrojado
216|Investimentos|Alta|754170|1745|515751|124077|112597|Arrojado
217|Transferências|Moderado|984723|63419|900909|4661|15734|Arrojado
218|Transferências|Moderado|577691|133071|225292|57659|161669|Conservador
219|Transferências|Moderado|788437|539269|226625|8712|13831|Arrojado
220|Pagamentos|Alta|206327|189532|11491|2786|2518|Arrojado
221|Transferências|Moderado|968064|733437|157218|19374|58035|Arrojado
222|Transferências|Baixa|472441|119360|116092|54425|182564|Conservador
223|Transferências|Moderado|259489|124849|123692|7668|3280|Moderado
224|Transferências|Alta|160485|145378|9515|4170|1422|Arrojado
225|Pagamentos|Alta|41955|33605|6455|397|1498|Arrojado
226|Investimentos|Moderado|108448|45356|45243|15722|2127|Moderado
227|Transferências|Moderado|939236|413134|65681|296206|164215|Moderado
228|Transferências|Alta|519706|48365|414281|23878|33182|Arrojado
229|Pagamentos|Moderado|749452|81922|575699|76607|15224|Arrojado
230|Transferências|Alta|535305|396807|105779|16094|16625|Arrojado
231|Transferências|Alta|473695|396079|72521|503|4592|Arrojado
232|Investimentos|Moderado|378068|128792|148950|88245|12081|Moderado
233|Transferências|Moderado|926988|328734|133763|251861|212630|Moderado
234|Pagamentos|Moderado|578097|276427|190076|81325|30269|Moderado
235|Investimentos|Baixa|61732|21532|34815|5377|8|Conservador
236|Transferências|Moderado|419091|363880|18025|29118|8068|Arrojado
237|Pagamentos|Moderado|510884|341169|25192|88805|55718|Arrojado
238|Investimentos|Alta|378920|260451|22734|46152|49583|Arrojado
239|Investimentos|Moderado|127504|111725|3429|6019|6331|Arrojado
240|Pagamentos|Baixa|98950|3832|33318|31004|30796|Conservador
241|Transferências|Baixa|367948|90253|106152|42519|129024|Conservador
242|Transferências|Baixa|732061|122010|385922|53598|170531|Conservador
243|Investimentos|Alta|333954|224148|28962|60362|20482|Arrojado
244|Pagamentos|Baixa|459163|61188|161695|137069|99211|Conservador
245|Transferências|Baixa|963505|113746|248391|6835|594533|Conservador
246|Investimentos|Moderado|702621|193153|377912|85159|46397|Conservador
247|Transferências|Moderado|292972|57701|227373|3923|3975|Arrojado
248|Transferências|Baixa|860079|83257|457816|14353|304653|Conservador
249|Investimentos|Moderado|926415|406732|378475|79752|61456|Moderado
250|Transferências|Baixa|964848|353417|27533|124902|458996|Conservador
287|Pagamentos|Moderado|112974|34513|61198|12327|4936|Conservador
288|Transferências|Alta|722850|517026|9710|190171|5943|Arrojado
289|Pagamentos|Moderado|480826|391612|46696|17605|24913|Arrojado
290|Investimentos|Baixa|569308|202752|17376|174602|174578|Conservador
291|Transferências|Alta|92614|79879|10270|2250|215|Arrojado
292|Transferências|Alta|697599|165957|462399|19865|49378|Arrojado
293|Investimentos|Alta|575377|543341|9386|1225|21425|Arrojado
251|Pagamentos|Alta|359925|55244|287253|6622|10806|Arrojado
252|Investimentos|Moderado|294212|143145|66955|24766|59346|Moderado
253|Transferências|Alta|708719|584463|82522|24172|17562|Arrojado
254|Pagamentos|Alta|838914|521196|225968|74225|17525|Arrojado
255|Pagamentos|Moderado|78365|46792|2229|12119|17225|Moderado
256|Pagamentos|Baixa|646499|63898|279343|191839|111419|Conservador
257|Transferências|Moderado|668550|300141|210978|93294|64137|Moderado
258|Transferências|Baixa|820352|146134|74978|55753|543487|Conservador
259|Investimentos|Moderado|23384|18336|2903|1463|682|Arrojado
260|Investimentos|Moderado|195717|103038|55358|36109|1212|Moderado
261|Pagamentos|Moderado|959447|812836|2028|104928|39655|Arrojado
262|Transferências|Moderado|489687|450709|9451|18039|11488|Arrojado
263|Transferências|Alta|860367|677132|179052|2453|1730|Arrojado
264|Transferências|Baixa|729843|262146|255424|52662|159611|Conservador
265|Investimentos|Moderado|468559|247369|137878|14636|68676|Moderado
266|Pagamentos|Moderado|493658|172820|128794|131814|60230|Moderado
267|Investimentos|Alta|124658|102034|20708|1559|357|Arrojado
268|Pagamentos|Baixa|217882|78133|95261|20671|23817|Conservador
269|Investimentos|Baixa|896856|98475|85685|379953|332743|Conservador
270|Transferências|Baixa|963632|31321|402842|222574|306895|Conservador
271|Pagamentos|Baixa|3342|1378|361|348|1255|Conservador
272|Investimentos|Alta|180642|168798|8950|2375|519|Arrojado
273|Transferências|Moderado|502588|48313|360058|89234|4983|Arrojado
274|Investimentos|Alta|243086|199918|5994|22750|14424|Arrojado
275|Investimentos|Baixa|526013|218694|216173|14178|76968|Conservador
276|Pagamentos|Alta|175347|105990|35100|33365|892|Arrojado
277|Transferências|Alta|232841|224459|4140|210|4032|Arrojado
278|Pagamentos|Alta|370201|310841|9641|29712|20007|Arrojado
279|Transferências|Baixa|565486|105184|275743|136403|48156|Conservador
280|Investimentos|Moderado|648126|228328|306897|83635|29266|Conservador
281|Transferências|Baixa|232980|20374|56073|46675|109858|Conservador
282|Investimentos|Baixa|983455|332684|514157|3617|132997|Conservador
283|Transferências|Baixa|894733|59429|408383|325022|101899|Conservador
284|Pagamentos|Moderado|31579|25503|5274|84|718|Arrojado
285|Investimentos|Baixa|515737|197755|268055|6910|43017|Conservador
286|Investimentos|Alta|570580|541502|23084|3057|2937|Arrojado
287|Pagamentos|Moderado|112974|34513|61198|12327|4936|Conservador
288|Transferências|Alta|722850|517026|9710|190171|5943|Arrojado
289|Pagamentos|Moderado|480826|391612|46696|17605|24913|Arrojado
290|Investimentos|Baixa|569308|202752|17376|174602|174578|Conservador
291|Transferências|Alta|92614|79879|10270|2250|215|Arrojado
292|Transferências|Alta|697599|165957|462399|19865|49378|Arrojado
293|Investimentos|Alta|575377|543341|9386|1225|21425|Arrojado
294|Investimentos|Alta|945196|904989|20699|18041|1467|Arrojado
295|Pagamentos|Moderado|4265|1995|1534|559|177|Moderado
296|Pagamentos|Moderado|121804|3716|2384|36598|79106|Conservador
297|Pagamentos|Alta|462486|358021|26040|1427|76998|Arrojado
298|Pagamentos|Alta|951113|768122|118237|27728|37026|Arrojado
299|Transferências|Baixa|769883|144189|352310|51690|221694|Conservador
300|Transferências|Baixa|220592|26740|105608|56046|32198|Conservador
301|Transferências|Baixa|150405|39316|30477|25928|54684|Conservador
302|Transferências|Alta|612856|471422|139419|1725|290|Arrojado
303|Transferências|Alta|622990|419384|45363|33195|125048|Arrojado
304|Transferências|Baixa|496137|222116|121454|21418|131149|Conservador
305|Pagamentos|Baixa|868884|170132|274388|44620|379744|Conservador
306|Pagamentos|Moderado|551071|296857|157395|76650|20169|Moderado
307|Investimentos|Moderado|352238|350258|1686|241|53|Arrojado
308|Investimentos|Moderado|18865|8924|5653|3918|370|Moderado
309|Investimentos|Baixa|665433|90818|222787|224080|127748|Conservador
310|Pagamentos|Alta|492644|43413|427212|18128|3891|Arrojado
311|Transferências|Baixa|202747|6700|103855|24129|68063|Conservador
312|Transferências|Moderado|123898|66423|39843|15361|2271|Moderado
313|Pagamentos|Alta|7627|4797|929|824|1077|Arrojado
314|Transferências|Moderado|570792|273776|230479|23224|43313|Moderado
315|Transferências|Baixa|114041|25200|49865|12854|26122|Conservador
316|Transferências|Baixa|49358|10147|2986|5699|30526|Conservador
317|Investimentos|Moderado|141988|82192|26229|27862|5705|Moderado
318|Investimentos|Baixa|177706|63728|6350|1349|106279|Conservador
319|Investimentos|Moderado|577742|270401|204747|72119|30475|Moderado
320|Pagamentos|Baixa|409942|52767|196198|128788|32189|Conservador
321|Transferências|Alta|83891|77786|119|3047|2939|Arrojado
322|Pagamentos|Alta|616497|446959|128185|32462|8891|Arrojado
323|Investimentos|Moderado|264881|77269|64182|70694|52736|Moderado
324|Pagamentos|Alta|195477|130904|63097|715|761|Arrojado
325|Transferências|Moderado|959018|505050|123424|53289|277255|Moderado
326|Transferências|Moderado|433879|176503|232136|20500|4740|Conservador
327|Transferências|Alta|88083|4690|66294|9353|7746|Arrojado
328|Transferências|Alta|234723|198760|6080|29048|835|Arrojado
329|Pagamentos|Moderado|539905|468524|4886|23240|43255|Arrojado
330|Pagamentos|Alta|331528|233634|60095|1156|36643|Arrojado
331|Pagamentos|Moderado|853071|329771|94084|275314|153902|Moderado
332|Investimentos|Baixa|164276|62378|76307|13014|12577|Conservador
333|Pagamentos|Moderado|811740|418323|79236|98656|215525|Moderado
334|Transferências|Alta|961126|159885|659985|57839|83417|Arrojado
335|Transferências|Moderado|773190|402456|206602|118522|45610|Moderado
336|Investimentos|Moderado|467989|350808|82725|17456|17000|Arrojado
337|Investimentos|Moderado|892515|332334|106595|442314|11272|Moderado
338|Pagamentos|Moderado|487096|186152|225136|21861|53947|Conservador
339|Investimentos|Baixa|192473|85157|100968|2041|4307|Conservador
340|Investimentos|Moderado|807435|481486|54659|209936|61354|Moderado
341|Pagamentos|Moderado|795151|403861|199976|53079|138235|Moderado
342|Investimentos|Baixa|300838|48033|161654|45853|45298|Conservador
343|Pagamentos|Alta|245787|234795|7868|1186|1938|Arrojado
344|Transferências|Alta|963303|805019|136556|12951|8777|Arrojado
345|Pagamentos|Alta|9599|6633|2964|2|0|Arrojado
346|Pagamentos|Moderado|202876|83581|54396|50708|14191|Moderado
347|Transferências|Moderado|338047|135264|123631|70794|8358|Moderado
348|Investimentos|Alta|578385|46778|18860|425781|86966|Arrojado
349|Transferências|Moderado|407613|369307|15816|8965|13525|Arrojado
350|Investimentos|Alta|647336|462393|60195|67462|57286|Arrojado
351|Investimentos|Alta|928884|779933|138484|9943|524|Arrojado
352|Investimentos|Baixa|67137|13629|39033|935|13540|Conservador
353|Transferências|Moderado|454029|212532|121016|84893|35588|Moderado
354|Pagamentos|Moderado|752850|302560|6247|443972|71|Moderado
355|Pagamentos|Alta|708492|526728|157978|22833|953|Arrojado
356|Pagamentos|Alta|949533|29686|146255|629904|143688|Arrojado
357|Transferências|Moderado|184373|20572|53994|85344|24463|Moderado
358|Transferências|Moderado|684097|346619|135446|147448|54584|Moderado
359|Pagamentos|Baixa|752844|49405|320547|165943|216949|Conservador
360|Investimentos|Moderado|730873|460632|188738|40427|41076|Arrojado
361|Pagamentos|Moderado|409962|335934|51287|18388|4353|Arrojado
362|Transferências|Baixa|614313|43944|96866|102500|371003|Conservador
363|Pagamentos|Alta|326910|116154|205401|2452|2903|Arrojado
364|Investimentos|Alta|499582|77455|313348|68177|40602|Arrojado
365|Transferências|Moderado|62064|51868|5832|2112|2252|Arrojado
366|Investimentos|Baixa|286040|16615|159192|88624|21609|Conservador
367|Pagamentos|Baixa|305474|104531|132423|11966|56554|Conservador
368|Transferências|Baixa|357623|197139|26096|13486|120902|Conservador
369|Investimentos|Alta|963944|736969|66454|126081|34440|Arrojado
370|Investimentos|Alta|136915|97520|12577|9518|17300|Arrojado
371|Pagamentos|Baixa|476795|57838|263178|13775|142004|Conservador
372|Investimentos|Alta|818617|816428|2041|120|28|Arrojado
373|Pagamentos|Alta|189704|137349|31029|15516|5810|Arrojado
374|Investimentos|Alta|120458|90792|24679|41|4946|Arrojado
375|Investimentos|Alta|940328|794065|100555|29846|15862|Arrojado
376|Pagamentos|Moderado|157008|76087|53883|8674|18364|Moderado
377|Investimentos|Moderado|762756|305048|280695|131854|45159|Moderado
378|Transferências|Moderado|955780|563291|201671|134845|55973|Moderado
379|Pagamentos|Moderado|42863|21637|592|12253|8381|Moderado
380|Pagamentos|Baixa|844712|304791|370321|53834|115766|Conservador
381|Investimentos|Alta|392220|308998|21997|18310|42915|Arrojado
382|Pagamentos|Moderado|215505|138458|31332|40737|4978|Arrojado
383|Investimentos|Alta|648269|505656|118|39939|102556|Arrojado
384|Transferências|Moderado|263303|123934|108707|12000|18662|Moderado
385|Transferências|Moderado|94211|44094|6517|17059|26541|Moderado
386|Pagamentos|Moderado|962735|473263|309348|150579|29545|Moderado
387|Investimentos|Alta|493311|470805|20495|1754|257|Arrojado
388|Pagamentos|Moderado|339253|162491|81361|12730|82671|Moderado
389|Investimentos|Alta|492975|304114|47810|82509|58542|Arrojado
390|Transferências|Alta|314868|220280|14188|49372|31028|Arrojado
391|Transferências|Moderado|455409|440760|9327|3141|2181|Arrojado
392|Transferências|Moderado|765594|387369|78900|79053|220272|Moderado
393|Transferências|Alta|303244|231437|50568|12272|8967|Arrojado
394|Transferências|Moderado|378885|149426|22492|1586|205381|Conservador
395|Investimentos|Baixa|638362|18893|326776|209371|83322|Conservador
396|Transferências|Baixa|651774|45361|139055|77097|390261|Conservador
397|Investimentos|Alta|289225|248972|24384|9116|6753|Arrojado
398|Pagamentos|Alta|942081|843670|79558|15616|3237|Arrojado
399|Pagamentos|Alta|377688|340494|19231|16780|1183|Arrojado
400|Investimentos|Alta|473747|303888|162306|832|6721|Arrojado
401|Investimentos|Moderado|951078|336895|198593|131579|284011|Conservador
402|Transferências|Alta|171932|4350|105949|44492|17141|Arrojado
403|Pagamentos|Moderado|546693|261325|110674|135973|38721|Moderado
404|Investimentos|Alta|396281|239642|130788|4902|20949|Arrojado
405|Transferências|Alta|436436|321489|98862|12788|3297|Arrojado
406|Transferências|Alta|969645|755548|97725|40942|75430|Arrojado
407|Investimentos|Baixa|491487|204040|5852|102187|179408|Conservador
408|Investimentos|Moderado|294333|123760|37757|72997|59819|Moderado
409|Pagamentos|Alta|651109|422292|170630|23690|34497|Arrojado
410|Transferências|Baixa|88645|21643|38057|14681|14264|Conservador
411|Investimentos|Moderado|838278|596535|187075|39067|15601|Arrojado
412|Investimentos|Moderado|925831|298396|247339|169914|210182|Moderado
413|Investimentos|Alta|554411|441768|22724|55200|34719|Arrojado
414|Transferências|Moderado|8323|3302|1208|2928|885|Moderado
415|Investimentos|Alta|558457|369313|33213|117215|38716|Arrojado
416|Transferências|Baixa|320278|64275|53440|92458|110105|Conservador
417|Pagamentos|Alta|576326|545513|30607|158|48|Arrojado
418|Transferências|Moderado|91085|3548|76315|4538|6684|Arrojado
419|Transferências|Alta|95811|86080|1846|4153|3732|Arrojado
420|Transferências|Moderado|373113|91034|45957|51119|185003|Conservador
421|Investimentos|Alta|298124|186048|79542|16159|16375|Arrojado
422|Investimentos|Moderado|265779|128655|25865|84101|27158|Moderado
423|Investimentos|Baixa|11434|1488|5810|716|3420|Conservador
424|Transferências|Alta|904651|567912|1345|213432|121962|Arrojado
425|Pagamentos|Moderado|378249|148334|179693|12908|37314|Conservador
426|Transferências|Alta|426981|6374|108000|278921|33686|Arrojado
427|Transferências|Baixa|680086|38658|394227|40488|206713|Conservador
428|Investimentos|Baixa|471532|164397|32315|45397|229423|Conservador
429|Investimentos|Alta|406201|60747|320524|16644|8286|Arrojado
430|Pagamentos|Baixa|716102|289820|308051|68148|50083|Conservador
431|Transferências|Moderado|802764|388345|289024|29085|96310|Moderado
432|Investimentos|Baixa|503424|60956|151654|161732|129082|Conservador
433|Pagamentos|Alta|678367|153782|522929|1227|429|Arrojado
434|Investimentos|Moderado|998607|205944|699213|11673|81777|Arrojado
435|Pagamentos|Moderado|148695|83929|42868|15540|6358|Moderado
436|Investimentos|Alta|564263|353256|169206|25627|16174|Arrojado
437|Investimentos|Alta|349463|211723|46703|75761|15276|Arrojado
438|Transferências|Alta|761377|578682|71488|5005|106202|Arrojado
439|Investimentos|Moderado|165439|34888|5290|89783|35478|Moderado
440|Investimentos|Alta|90353|71389|8091|9767|1106|Arrojado
441|Pagamentos|Alta|63426|13310|49898|127|91|Arrojado
442|Transferências|Moderado|856248|42198|741785|8563|63702|Arrojado
443|Investimentos|Alta|291231|250806|2111|18347|19967|Arrojado
444|Transferências|Moderado|855344|121432|212423|307472|214017|Moderado
445|Investimentos|Moderado|979202|558446|331230|59018|30508|Moderado
446|Investimentos|Moderado|819541|125243|143514|315875|234909|Moderado
447|Transferências|Moderado|858011|455069|217530|160516|24896|Moderado
448|Investimentos|Alta|32075|23886|3485|4406|298|Arrojado
449|Transferências|Moderado|602094|245319|111671|215029|30075|Moderado
450|Transferências|Alta|362732|284622|32266|24945|20899|Arrojado
451|Pagamentos|Alta|541449|349425|84589|82664|24771|Arrojado
452|Transferências|Moderado|392657|225823|76117|813|89904|Moderado
453|Transferências|Alta|825126|792962|15346|13768|3050|Arrojado
454|Investimentos|Baixa|375240|9332|199935|144372|21601|Conservador
455|Pagamentos|Alta|47849|40154|672|3087|3936|Arrojado
456|Transferências|Moderado|7417|2747|3259|0|1411|Conservador
457|Pagamentos|Alta|644803|479228|44638|112382|8555|Arrojado
458|Pagamentos|Baixa|113528|29110|48771|23768|11879|Conservador
459|Investimentos|Alta|196650|40640|150652|3407|1951|Arrojado
460|Investimentos|Moderado|691019|355920|80322|65955|188822|Moderado
461|Transferências|Baixa|659149|44304|374487|186260|54098|Conservador
462|Transferências|Baixa|527113|30603|172699|207122|116689|Conservador
463|Investimentos|Alta|89722|66582|14814|2065|6261|Arrojado
464|Investimentos|Alta|315706|208317|7646|65562|34181|Arrojado
465|Pagamentos|Alta|589959|435132|106683|6210|41934|Arrojado
466|Investimentos|Alta|87032|52552|134|25717|8629|Arrojado
467|Pagamentos|Moderado|702662|167094|35889|357338|142341|Moderado
468|Pagamentos|Alta|709502|12130|628285|1025|68062|Arrojado
469|Transferências|Alta|195799|176230|5149|10089|4331|Arrojado
470|Investimentos|Baixa|882538|339456|377355|89108|76619|Conservador
471|Pagamentos|Baixa|234844|56424|119302|24507|34611|Conservador
472|Transferências|Baixa|424987|83035|245670|2206|94076|Conservador
473|Transferências|Moderado|487451|286509|150088|35313|15541|Moderado
474|Investimentos|Moderado|77313|40229|9549|4044|23491|Conservador
475|Transferências|Alta|372500|25128|237173|10063|100136|Arrojado
476|Pagamentos|Alta|860672|107443|519164|15508|218557|Arrojado
477|Investimentos|Alta|787214|701270|12026|66201|7717|Arrojado
478|Investimentos|Alta|860513|710355|51328|77183|21647|Arrojado
479|Investimentos|Alta|205207|157543|12647|19837|15180|Arrojado
480|Investimentos|Moderado|755374|344651|282920|36133|91670|Moderado
481|Pagamentos|Moderado|779177|440093|86454|100015|152615|Moderado
482|Pagamentos|Baixa|874220|286424|95075|207100|285621|Conservador
483|Investimentos|Alta|593570|431898|59840|83975|17857|Arrojado
484|Transferências|Baixa|551756|58542|187953|204235|101026|Conservador
485|Transferências|Alta|756080|673893|67057|3823|11307|Arrojado
486|Investimentos|Moderado|694630|68697|140122|162027|323784|Conservador
487|Pagamentos|Alta|422742|379472|25452|14560|3258|Arrojado
488|Pagamentos|Moderado|832064|7426|233644|404318|186676|Conservador
489|Pagamentos|Moderado|982830|33239|666483|84763|198345|Arrojado
490|Pagamentos|Moderado|158219|21005|9895|46023|81296|Conservador
491|Investimentos|Alta|889351|607351|8917|255717|17366|Arrojado
492|Investimentos|Alta|947580|923002|23616|624|338|Arrojado
493|Investimentos|Baixa|912045|269315|23849|156297|462584|Conservador
494|Transferências|Baixa|372270|142916|171115|5947|52292|Conservador
495|Investimentos|Moderado|487315|269601|45472|162880|9362|Moderado
496|Investimentos|Baixa|899010|36279|529315|109695|223721|Conservador
497|Transferências|Baixa|692869|55568|344227|141818|151256|Conservador
498|Transferências|Baixa|240742|102229|55698|1210|81605|Conservador
499|Transferências|Alta|761014|38229|613482|10761|98542|Arrojado
500|Investimentos|Alta|480560|370419|85705|11428|13008|Arrojado
501|Pagamentos|Alta|368608|284443|59167|7311|17687|Arrojado
502|Transferências|Alta|744354|567788|121042|54471|1053|Arrojado
503|Pagamentos|Alta|847297|613111|20578|91999|121609|Arrojado
504|Transferências|Baixa|779075|36410|242012|12798|487855|Conservador
505|Pagamentos|Baixa|369492|108258|46432|64480|150322|Conservador
506|Investimentos|Baixa|29075|5610|13017|5271|5177|Conservador
507|Pagamentos|Alta|307185|303965|2799|103|318|Arrojado
508|Transferências|Moderado|889603|511030|365640|1143|11790|Moderado
509|Pagamentos|Baixa|699885|157082|57395|273316|212092|Conservador
510|Pagamentos|Moderado|139116|118253|12882|1851|6130|Arrojado
511|Transferências|Moderado|437314|84851|19672|201793|130998|Moderado
512|Pagamentos|Moderado|70055|33082|13715|18963|4295|Moderado
513|Investimentos|Baixa|893483|96415|254762|2246|540060|Conservador
514|Transferências|Moderado|460852|63699|127989|253735|15429|Moderado
515|Transferências|Alta|191488|22514|33740|120637|14597|Arrojado
516|Transferências|Baixa|473983|180704|117743|2274|173262|Conservador
517|Transferências|Moderado|731095|709859|3705|11225|6306|Arrojado
518|Investimentos|Alta|556058|37259|335514|129595|53690|Arrojado
519|Investimentos|Baixa|414850|190870|168103|13113|42764|Conservador
520|Transferências|Moderado|954815|596219|65425|167940|125231|Arrojado
521|Pagamentos|Baixa|933481|463004|77598|108712|284167|Conservador
522|Investimentos|Moderado|866768|277523|153460|316385|119400|Moderado
523|Transferências|Alta|617760|538119|29690|16159|33792|Arrojado
524|Transferências|Moderado|120709|13278|41979|36632|28820|Conservador
525|Transferências|Baixa|950809|126162|190910|223273|410464|Conservador
526|Investimentos|Baixa|481207|3235|227977|46741|203254|Conservador
527|Transferências|Alta|43680|28148|10822|2871|1839|Arrojado
528|Investimentos|Moderado|603074|433985|65026|46499|57564|Arrojado
529|Transferências|Alta|79896|58523|15377|1902|4094|Arrojado
530|Investimentos|Moderado|604815|209827|109170|229790|56028|Moderado
531|Transferências|Moderado|970804|545244|104946|84089|236525|Moderado
532|Investimentos|Alta|710619|710320|126|101|72|Arrojado
533|Investimentos|Baixa|846210|343935|359869|12250|130156|Conservador
534|Pagamentos|Baixa|847829|154389|172185|48969|472286|Conservador
535|Transferências|Alta|572113|434788|45019|40619|51687|Arrojado
536|Pagamentos|Moderado|50483|11541|7278|17996|13668|Moderado
537|Pagamentos|Alta|80238|76656|55|2901|626|Arrojado
538|Pagamentos|Alta|157898|94746|4482|2134|56536|Arrojado
539|Investimentos|Moderado|368512|148293|156141|58482|5596|Moderado
540|Pagamentos|Moderado|35991|16742|9415|2205|7629|Moderado
541|Investimentos|Alta|554447|415332|55457|27715|55943|Arrojado
542|Investimentos|Alta|903963|583859|290196|21854|8054|Arrojado
543|Pagamentos|Moderado|561876|262476|104138|106013|89249|Moderado
544|Investimentos|Alta|954558|353574|576889|11864|12231|Arrojado
545|Investimentos|Alta|510320|418434|15298|34132|42456|Arrojado
546|Transferências|Baixa|424498|76413|195585|84912|67588|Conservador
547|Pagamentos|Moderado|862231|511931|255018|75151|20131|Moderado
548|Pagamentos|Baixa|797689|363082|249245|33766|151596|Conservador
549|Transferências|Baixa|460125|159399|52792|3186|244748|Conservador
550|Pagamentos|Alta|336668|24289|19213|211165|82001|Arrojado
551|Transferências|Moderado|248462|126506|65264|42816|13876|Moderado
552|Investimentos|Moderado|132030|9071|37708|62644|22607|Moderado
553|Pagamentos|Alta|465775|21677|332701|3927|107470|Arrojado
554|Investimentos|Alta|753752|467189|133863|44743|107957|Arrojado
555|Investimentos|Baixa|649700|127540|294326|82666|145168|Conservador
556|Pagamentos|Alta|330773|207294|94546|22382|6551|Arrojado
557|Pagamentos|Alta|884209|717103|54416|25706|86984|Arrojado
558|Transferências|Moderado|76972|53978|2720|8453|11821|Arrojado
559|Pagamentos|Moderado|190747|105069|85606|31|41|Moderado
560|Investimentos|Baixa|138079|40156|38026|5831|54066|Conservador
561|Pagamentos|Alta|208710|125514|39460|35432|8304|Arrojado
562|Investimentos|Moderado|761160|430380|188315|40240|102225|Moderado
563|Investimentos|Moderado|952019|504303|407465|14305|25946|Moderado
564|Investimentos|Alta|860875|527589|109048|129341|94897|Arrojado
565|Investimentos|Baixa|364114|11269|51915|5692|295238|Conservador
566|Investimentos|Alta|550190|455456|88913|4685|1136|Arrojado
567|Transferências|Baixa|770886|24253|157869|212682|376082|Conservador
568|Transferências|Alta|809025|801672|1009|1670|4674|Arrojado
569|Investimentos|Moderado|659934|285811|224936|125832|23355|Moderado
570|Transferências|Moderado|257637|159405|52700|38559|6973|Arrojado
571|Transferências|Moderado|760741|355347|39745|209143|156506|Moderado
572|Transferências|Alta|673990|551039|23699|36052|63200|Arrojado
573|Transferências|Alta|557319|186629|362055|5996|2639|Arrojado
574|Transferências|Baixa|497867|92867|249474|41222|114304|Conservador
575|Investimentos|Baixa|473087|148372|129909|54444|140362|Conservador
576|Pagamentos|Alta|978821|604603|75657|141727|156834|Arrojado
577|Pagamentos|Moderado|700147|102469|257196|188432|152050|Conservador
578|Investimentos|Moderado|538519|365800|144886|17929|9904|Arrojado
579|Investimentos|Moderado|253313|76659|64870|59088|52696|Moderado
580|Investimentos|Alta|424205|29434|43748|261850|89173|Arrojado
581|Transferências|Baixa|623463|154831|259810|31727|177095|Conservador
582|Transferências|Moderado|491312|202826|106614|56710|125162|Moderado
583|Transferências|Moderado|668112|224051|21263|202468|220330|Conservador
584|Transferências|Alta|212113|178799|23473|7353|2488|Arrojado
585|Pagamentos|Baixa|185877|57194|78218|32201|18264|Conservador
586|Investimentos|Baixa|112326|33317|30124|15502|33383|Conservador
587|Transferências|Alta|149371|6583|24918|105808|12062|Arrojado
588|Investimentos|Baixa|615918|185987|59138|157239|213554|Conservador
589|Pagamentos|Alta|661771|544540|68964|16665|31602|Arrojado
590|Investimentos|Moderado|680289|144589|215937|267164|52599|Moderado
591|Investimentos|Alta|291275|95125|193260|2490|400|Arrojado
592|Transferências|Moderado|765041|312098|329048|114260|9635|Moderado
593|Pagamentos|Alta|577988|463306|105022|6527|3133|Arrojado
594|Investimentos|Baixa|932341|134525|129001|65975|602840|Conservador
595|Transferências|Moderado|168146|93589|71491|3043|23|Moderado
596|Investimentos|Moderado|202521|109823|4845|75828|12025|Moderado
597|Investimentos|Alta|21654|19752|1877|9|16|Arrojado
598|Transferências|Moderado|10869|10780|59|30|0|Arrojado
599|Transferências|Alta|62134|42331|5332|6716|7755|Arrojado
600|Transferências|Alta|65904|51223|13390|1074|217|Arrojado
601|Transferências|Alta|743093|16171|551477|108016|67429|Arrojado
602|Investimentos|Alta|372992|38710|234964|4447|94871|Arrojado
603|Pagamentos|Alta|17581|13601|2863|449|668|Arrojado
604|Pagamentos|Baixa|450201|95244|109964|41993|203000|Conservador
605|Transferências|Alta|874961|820525|6395|20105|27936|Arrojado
606|Investimentos|Moderado|631452|53982|211927|299373|66170|Moderado
607|Transferências|Alta|112480|85630|24799|1379|672|Arrojado
608|Transferências|Baixa|74552|3831|26121|17776|26824|Conservador
609|Pagamentos|Baixa|855978|254881|26309|219507|355281|Conservador
610|Investimentos|Moderado|738485|166062|111884|305823|154716|Moderado
611|Pagamentos|Moderado|739034|497170|181258|19113|41493|Arrojado
612|Transferências|Alta|149951|133678|10689|1001|4583|Arrojado
613|Pagamentos|Baixa|375153|118483|180458|11291|64921|Conservador
614|Pagamentos|Alta|158835|102834|39110|16437|454|Arrojado
615|Pagamentos|Baixa|385655|176054|143480|9977|56144|Conservador
616|Pagamentos|Moderado|258406|128194|109700|12695|7817|Moderado
617|Investimentos|Baixa|274405|10081|115182|45324|103818|Conservador
618|Investimentos|Moderado|585287|264089|141429|158754|21015|Moderado
619|Investimentos|Moderado|214920|87589|10500|71886|44945|Moderado
620|Pagamentos|Baixa|264003|33526|114903|16|115558|Conservador
621|Pagamentos|Alta|2853|2608|97|127|21|Arrojado
622|Pagamentos|Moderado|845297|155521|139276|490417|60083|Moderado
623|Pagamentos|Moderado|645945|245697|231640|99490|69118|Moderado
624|Investimentos|Alta|215579|197879|8546|5569|3585|Arrojado
625|Pagamentos|Alta|670027|482034|67335|89313|31345|Arrojado
626|Pagamentos|Moderado|989256|381434|109732|406173|91917|Moderado
627|Pagamentos|Alta|974852|637038|23809|50199|263806|Arrojado
628|Investimentos|Alta|681921|435967|128009|44225|73720|Arrojado
629|Pagamentos|Baixa|51732|2677|22590|15574|10891|Conservador
630|Investimentos|Baixa|794251|60773|180616|280987|271875|Conservador
631|Transferências|Alta|574389|534645|30197|108|9439|Arrojado
632|Transferências|Moderado|697152|314398|211281|147515|23958|Moderado
633|Transferências|Moderado|709772|384117|52807|149943|122905|Moderado
634|Transferências|Alta|988586|960655|11923|9599|6409|Arrojado
635|Investimentos|Moderado|637767|365134|123439|50950|98244|Moderado
636|Investimentos|Moderado|656173|74375|273620|291703|16475|Moderado
637|Pagamentos|Alta|417558|407810|5417|1249|3082|Arrojado
638|Pagamentos|Baixa|512689|118007|305551|51232|37899|Conservador
639|Transferências|Moderado|460320|271323|188485|403|109|Moderado
640|Transferências|Moderado|21656|12494|2491|2548|4123|Moderado
641|Transferências|Moderado|248582|106223|80370|32468|29521|Moderado
642|Investimentos|Moderado|886312|229143|92304|511676|53189|Moderado
643|Pagamentos|Alta|163397|11743|1998|132302|17354|Arrojado
644|Transferências|Baixa|340245|147664|130026|22275|40280|Conservador
645|Transferências|Alta|78111|47483|19229|6228|5171|Arrojado
646|Pagamentos|Moderado|461120|447031|8710|2378|3001|Arrojado
647|Transferências|Moderado|38541|17266|16156|3276|1843|Moderado
648|Transferências|Moderado|903223|534782|296868|46875|24698|Moderado
649|Transferências|Alta|381739|272720|86154|1717|21148|Arrojado
650|Transferências|Moderado|509065|226834|215213|59413|7605|Moderado
651|Investimentos|Moderado|721609|182318|170588|270179|98524|Moderado
652|Pagamentos|Alta|765656|586036|15279|37688|126653|Arrojado
653|Pagamentos|Baixa|313586|72685|171916|6861|62124|Conservador
654|Pagamentos|Moderado|412917|93154|24545|229058|66160|Moderado
655|Investimentos|Baixa|65205|26040|38895|112|158|Conservador
656|Pagamentos|Baixa|572850|206934|306966|39682|19268|Conservador
657|Transferências|Alta|800171|682236|35650|73647|8638|Arrojado
658|Pagamentos|Alta|289949|278783|850|3908|6408|Arrojado
659|Pagamentos|Moderado|266851|189375|25648|28340|23488|Arrojado
660|Pagamentos|Alta|441764|434545|268|6792|159|Arrojado
661|Pagamentos|Baixa|616066|74165|206155|11976|323770|Conservador
662|Transferências|Baixa|179108|50247|84971|36903|6987|Conservador
663|Pagamentos|Alta|574909|472521|65594|22278|14516|Arrojado
664|Investimentos|Moderado|732716|27871|147720|394809|162316|Moderado
665|Investimentos|Alta|312335|253092|44471|1637|13135|Arrojado
666|Transferências|Baixa|806577|93682|481173|34707|197015|Conservador
667|Pagamentos|Moderado|75894|42406|10017|23073|398|Moderado
668|Investimentos|Baixa|388156|57416|2896|89317|238527|Conservador
669|Transferências|Alta|667909|118119|490060|16988|42742|Arrojado
670|Investimentos|Moderado|289204|113874|97225|67261|10844|Moderado
671|Transferências|Baixa|72263|20821|30363|14051|7028|Conservador
672|Investimentos|Alta|618784|206126|391989|17737|2932|Arrojado
673|Pagamentos|Moderado|11090|10725|201|46|118|Arrojado
674|Pagamentos|Moderado|821656|341541|313742|143736|22637|Moderado
675|Investimentos|Alta|329598|28915|209679|10778|80226|Arrojado
676|Transferências|Moderado|783101|300751|171593|202686|108071|Moderado
677|Pagamentos|Moderado|495937|139474|47792|188817|119854|Moderado
678|Transferências|Moderado|741493|217224|132351|263763|128155|Moderado
679|Pagamentos|Baixa|720423|101469|392264|51765|174925|Conservador
680|Pagamentos|Alta|724486|615044|13294|73348|22800|Arrojado
681|Investimentos|Baixa|144139|11621|26434|23123|82961|Conservador
682|Investimentos|Alta|158828|106594|47704|2125|2405|Arrojado
683|Transferências|Baixa|646237|245385|222278|17895|160679|Conservador
684|Investimentos|Alta|761378|749554|9040|2531|253|Arrojado
685|Pagamentos|Moderado|716619|405932|249861|47307|13519|Moderado
686|Transferências|Alta|859771|672200|117423|27177|42971|Arrojado
687|Investimentos|Baixa|423597|182389|21016|32426|187766|Conservador
688|Pagamentos|Alta|974602|893909|16966|32335|31392|Arrojado
689|Pagamentos|Alta|855046|735051|60915|6340|52740|Arrojado
690|Investimentos|Alta|869845|47848|601425|179052|41520|Arrojado
691|Investimentos|Moderado|325874|8112|275168|40782|1812|Arrojado
692|Pagamentos|Alta|166997|16778|116863|21390|11966|Arrojado
693|Pagamentos|Moderado|321332|60671|117154|115906|27601|Moderado
694|Pagamentos|Alta|479385|412893|51880|4049|10563|Arrojado
695|Transferências|Alta|61544|43950|10250|4929|2415|Arrojado
696|Transferências|Baixa|311014|57989|26027|70740|156258|Conservador
697|Pagamentos|Baixa|680315|124832|276382|61774|217327|Conservador
698|Transferências|Alta|222202|192309|11695|14781|3417|Arrojado
699|Pagamentos|Alta|392823|244989|134512|12998|324|Arrojado
700|Transferências|Moderado|19342|9103|8872|1240|127|Moderado
701|Investimentos|Moderado|496647|274360|70071|85797|66419|Moderado
702|Pagamentos|Alta|795360|764383|11311|928|18738|Arrojado
703|Transferências|Baixa|41651|9137|50|10086|22378|Conservador
704|Pagamentos|Alta|692349|507266|15502|7229|162352|Arrojado
705|Transferências|Moderado|9178|4719|3535|715|209|Moderado
706|Investimentos|Baixa|548866|35266|16668|164752|332180|Conservador
707|Transferências|Alta|308625|219882|22450|25533|40760|Arrojado
708|Pagamentos|Baixa|176072|17412|86504|8119|64037|Conservador
709|Transferências|Baixa|623834|176570|301186|61878|84200|Conservador
710|Pagamentos|Moderado|493215|249950|9976|142829|90460|Moderado
711|Pagamentos|Baixa|105009|21938|22264|25347|35460|Conservador
712|Transferências|Alta|699469|504441|128512|4385|62131|Arrojado
713|Transferências|Alta|292233|224649|50608|9073|7903|Arrojado
714|Investimentos|Moderado|781576|407902|169223|19299|185152|Moderado
715|Pagamentos|Moderado|176527|164061|11664|592|210|Arrojado
716|Transferências|Alta|625474|452833|12807|65692|94142|Arrojado
717|Pagamentos|Alta|826150|788733|24329|5566|7522|Arrojado
718|Pagamentos|Moderado|362863|236706|37661|9071|79425|Arrojado
719|Transferências|Alta|619153|437915|104077|39027|38134|Arrojado
720|Pagamentos|Alta|270713|89869|165100|15697|47|Arrojado
721|Investimentos|Moderado|433075|316863|87365|16069|12778|Arrojado
722|Pagamentos|Alta|999817|937706|32077|25259|4775|Arrojado
723|Investimentos|Moderado|226145|149361|36477|37191|3116|Arrojado
724|Investimentos|Baixa|761864|27917|324487|312390|97070|Conservador
725|Pagamentos|Baixa|507918|37345|165910|209416|95247|Conservador
726|Pagamentos|Moderado|78313|15359|6251|45119|11584|Moderado
727|Investimentos|Alta|410507|12407|31156|268821|98123|Arrojado
728|Transferências|Moderado|349953|107176|101039|136980|4758|Moderado
729|Investimentos|Alta|363535|261567|66453|26934|8581|Arrojado
730|Investimentos|Alta|275187|214441|57010|1379|2357|Arrojado
731|Transferências|Moderado|240917|15163|100813|123044|1897|Moderado
732|Investimentos|Baixa|120974|24927|41457|29516|25074|Conservador
733|Pagamentos|Baixa|333768|106393|43456|45454|138465|Conservador
734|Transferências|Alta|235799|216538|10379|4831|4051|Arrojado
735|Pagamentos|Alta|427968|417297|5581|1935|3155|Arrojado
736|Investimentos|Alta|277297|263854|8423|4930|90|Arrojado
737|Transferências|Baixa|170783|61946|100787|1682|6368|Conservador
738|Pagamentos|Moderado|357260|67477|78754|162224|48805|Moderado
739|Transferências|Alta|61482|44996|14040|624|1822|Arrojado
740|Investimentos|Moderado|85998|32057|4359|26313|23269|Moderado
741|Investimentos|Moderado|892247|306389|150340|13201|422317|Conservador
742|Transferências|Moderado|130048|72878|14250|19943|22977|Moderado
743|Transferências|Alta|73287|62598|5658|2469|2562|Arrojado
744|Pagamentos|Alta|669180|424395|86186|85174|73425|Arrojado
745|Transferências|Baixa|859953|62239|440680|162937|194097|Conservador
746|Investimentos|Baixa|858740|162471|151246|75462|469561|Conservador
747|Transferências|Baixa|579186|2952|237814|268862|69558|Conservador
748|Transferências|Baixa|146501|59362|62915|1129|23095|Conservador
749|Transferências|Moderado|192998|107569|33161|13710|38558|Moderado
750|Transferências|Baixa|810121|381871|399298|2782|26170|Conservador
751|Investimentos|Moderado|906564|218314|212911|351533|123806|Moderado
752|Pagamentos|Alta|449166|270869|155371|6102|16824|Arrojado
753|Pagamentos|Baixa|10332|758|1279|4288|4007|Conservador
754|Pagamentos|Baixa|544319|102827|309536|53221|78735|Conservador
755|Pagamentos|Moderado|73434|6814|9336|40695|16589|Moderado
756|Transferências|Baixa|637115|208572|219074|61947|147522|Conservador
757|Transferências|Moderado|150803|75514|73994|72|1223|Moderado
758|Investimentos|Alta|143627|5346|135930|1327|1024|Arrojado
759|Investimentos|Moderado|131239|77610|9862|35250|8517|Moderado
760|Investimentos|Alta|219689|201700|13108|3476|1405|Arrojado
761|Investimentos|Baixa|490819|102000|126239|35398|227182|Conservador
762|Pagamentos|Moderado|215365|133893|50198|29784|1490|Arrojado
763|Transferências|Moderado|49954|20121|18913|6349|4571|Moderado
764|Investimentos|Alta|954304|775803|175571|1848|1082|Arrojado
765|Pagamentos|Baixa|752854|202395|298339|54422|197698|Conservador
766|Pagamentos|Baixa|675686|201343|352316|50312|71715|Conservador
767|Pagamentos|Moderado|958622|935655|13429|4373|5165|Arrojado
768|Pagamentos|Moderado|638748|381173|242229|9107|6239|Moderado
769|Pagamentos|Alta|91096|89382|757|433|524|Arrojado
770|Pagamentos|Alta|439502|401573|19875|2429|15625|Arrojado
771|Investimentos|Moderado|73270|22533|18622|3538|28577|Conservador
772|Investimentos|Alta|653274|500113|85635|19120|48406|Arrojado
773|Investimentos|Moderado|844114|542577|170508|118843|12186|Arrojado
774|Pagamentos|Alta|492571|39870|423137|3601|25963|Arrojado
775|Pagamentos|Baixa|589698|170082|35826|44946|338844|Conservador
776|Investimentos|Alta|46194|4544|720|40793|137|Arrojado
777|Transferências|Moderado|303821|146997|91835|25793|39196|Moderado
778|Pagamentos|Moderado|447145|98312|57016|215013|76804|Moderado
779|Investimentos|Moderado|271379|184823|381|55485|30690|Arrojado
780|Pagamentos|Moderado|274635|197556|69141|1044|6894|Arrojado
781|Investimentos|Moderado|521178|268509|74478|97259|80932|Moderado
782|Pagamentos|Alta|115691|81391|27742|1244|5314|Arrojado
783|Investimentos|Moderado|335581|37300|20818|111420|166043|Conservador
784|Pagamentos|Moderado|942335|235069|374749|328590|3927|Moderado
785|Pagamentos|Moderado|191459|170803|3160|9679|7817|Arrojado
786|Pagamentos|Baixa|29691|4472|15372|8025|1822|Conservador
787|Pagamentos|Moderado|317071|163319|102247|46652|4853|Moderado
788|Investimentos|Alta|588622|450166|62947|40352|35157|Arrojado
789|Transferências|Alta|742813|532288|138016|18819|53690|Arrojado
790|Investimentos|Alta|470575|373061|67708|1613|28193|Arrojado
791|Investimentos|Alta|812624|569368|12565|126852|103839|Arrojado
792|Pagamentos|Baixa|668050|44089|182821|131390|309750|Conservador
793|Transferências|Alta|481556|328687|19730|49656|83483|Arrojado
794|Pagamentos|Baixa|664932|128222|257278|182455|96977|Conservador
795|Pagamentos|Alta|259769|226783|27777|3597|1612|Arrojado
796|Investimentos|Baixa|141320|39062|65657|28209|8392|Conservador
797|Pagamentos|Baixa|931240|231386|195345|195885|308624|Conservador
798|Investimentos|Alta|155638|95004|28581|23932|8121|Arrojado
799|Investimentos|Alta|834221|186164|572872|24516|50669|Arrojado
800|Transferências|Baixa|719543|211233|222241|89175|196894|Conservador
801|Investimentos|Moderado|721498|422037|25387|207149|66925|Moderado
802|Transferências|Baixa|65799|25604|13115|4751|22329|Conservador
803|Transferências|Baixa|439057|8017|159426|30761|240853|Conservador
804|Investimentos|Alta|191513|10762|124931|32652|23168|Arrojado
805|Investimentos|Baixa|316863|87739|28425|1291|199408|Conservador
806|Pagamentos|Moderado|248415|87100|54197|63559|43559|Moderado
807|Transferências|Alta|572530|482111|44251|22988|23180|Arrojado
808|Pagamentos|Moderado|94095|10106|37933|37326|8730|Moderado
809|Pagamentos|Baixa|463701|1642|1279|641|460139|Conservador
810|Transferências|Alta|497723|130103|7580|355797|4243|Arrojado
811|Transferências|Alta|52247|1496|45339|1778|3634|Arrojado
812|Transferências|Moderado|795616|118340|143401|348825|185050|Moderado
813|Investimentos|Alta|990805|677128|311224|355|2098|Arrojado
814|Investimentos|Baixa|910345|273675|112763|209957|313950|Conservador
815|Pagamentos|Alta|511214|439710|23073|38061|10370|Arrojado
816|Pagamentos|Alta|937279|567666|135854|227086|6673|Arrojado
817|Pagamentos|Alta|215040|205479|5876|1372|2313|Arrojado
818|Investimentos|Moderado|465620|275469|108376|67245|14530|Moderado
819|Investimentos|Alta|351447|273287|42443|8295|27422|Arrojado
820|Transferências|Baixa|221135|3457|40731|43659|133288|Conservador
821|Investimentos|Alta|888569|672651|121119|73101|21698|Arrojado
822|Pagamentos|Moderado|831545|613650|68412|95509|53974|Arrojado
823|Transferências|Alta|17230|10494|5928|76|732|Arrojado
824|Transferências|Moderado|525551|376166|53569|27801|68015|Arrojado
825|Investimentos|Baixa|142940|43965|78245|7896|12834|Conservador
826|Transferências|Moderado|906709|493612|278365|70090|64642|Moderado
827|Investimentos|Alta|419281|130235|287087|1658|301|Arrojado
828|Investimentos|Alta|794817|23758|584911|132817|53331|Arrojado
829|Transferências|Alta|472503|11584|428472|7449|24998|Arrojado
830|Transferências|Moderado|805264|413216|312779|25543|53726|Moderado
831|Pagamentos|Alta|427691|283010|115475|20413|8793|Arrojado
832|Pagamentos|Moderado|642154|382270|227473|25270|7141|Moderado
833|Investimentos|Moderado|133540|75257|18384|8760|31139|Moderado
834|Transferências|Baixa|81355|36978|2882|10882|30613|Conservador
835|Transferências|Moderado|280987|122200|95596|55395|7796|Moderado
836|Pagamentos|Moderado|443708|126528|108423|195416|13341|Moderado
837|Pagamentos|Alta|824164|814349|4718|454|4643|Arrojado
838|Transferências|Moderado|62688|18709|6817|24156|13006|Moderado
839|Pagamentos|Alta|49965|44412|2294|2869|390|Arrojado
840|Pagamentos|Baixa|888650|374724|93346|35888|384692|Conservador
841|Investimentos|Alta|507298|467650|16977|5790|16881|Arrojado
842|Investimentos|Moderado|900602|802873|35956|55133|6640|Arrojado
843|Pagamentos|Moderado|178308|31679|117369|6132|23128|Arrojado
844|Transferências|Moderado|528346|262985|214660|13705|36996|Moderado
845|Pagamentos|Alta|692370|525598|100999|33984|31789|Arrojado
846|Investimentos|Baixa|528363|152855|49622|123519|202367|Conservador
847|Pagamentos|Baixa|151642|2484|8383|63428|77347|Conservador
848|Pagamentos|Alta|66787|60699|2723|719|2646|Arrojado
849|Investimentos|Moderado|400436|296767|89558|8757|5354|Arrojado
850|Investimentos|Baixa|365828|77089|159708|9771|119260|Conservador
851|Pagamentos|Alta|692373|203664|430247|12641|45821|Arrojado
852|Transferências|Alta|216367|167549|20203|26533|2082|Arrojado
853|Transferências|Moderado|570450|199611|204317|135840|30682|Moderado
854|Investimentos|Moderado|932239|398483|192092|272995|68669|Moderado
855|Pagamentos|Moderado|512374|356852|145022|2792|7708|Arrojado
856|Investimentos|Baixa|700777|295576|359912|13760|31529|Conservador
857|Investimentos|Alta|565307|419336|57397|59194|29380|Arrojado
858|Investimentos|Moderado|773412|434022|168933|53448|117009|Moderado
859|Investimentos|Alta|178497|156878|622|5141|15856|Arrojado
860|Pagamentos|Alta|891900|857070|16276|13522|5032|Arrojado
861|Investimentos|Alta|16039|11351|420|983|3285|Arrojado
862|Investimentos|Moderado|311335|176220|15923|38749|80443|Moderado
863|Pagamentos|Alta|376715|324756|22134|26179|3646|Arrojado
864|Pagamentos|Baixa|707452|191644|340199|91482|84127|Conservador
865|Pagamentos|Moderado|781834|342246|36035|373355|30198|Moderado
866|Transferências|Moderado|456708|340740|94423|20773|772|Arrojado
867|Transferências|Alta|733685|480800|15403|130000|107482|Arrojado
868|Pagamentos|Alta|95518|89311|30|2784|3393|Arrojado
869|Pagamentos|Moderado|258038|28959|6959|151022|71098|Moderado
870|Investimentos|Alta|584584|88486|421494|14043|60561|Arrojado
871|Pagamentos|Alta|544647|441763|84246|1134|17504|Arrojado
872|Transferências|Alta|469317|402015|51935|6614|8753|Arrojado
873|Investimentos|Alta|771254|760064|4708|641|5841|Arrojado
874|Transferências|Alta|424906|405860|18868|66|112|Arrojado
875|Pagamentos|Moderado|318915|92368|68290|89243|69014|Moderado
876|Investimentos|Moderado|788770|411378|121279|169080|87033|Moderado
877|Transferências|Moderado|647654|364501|253618|16170|13365|Moderado
878|Transferências|Moderado|465276|90502|245096|50207|79471|Conservador
879|Transferências|Moderado|563712|315248|3820|183463|61181|Moderado
880|Investimentos|Moderado|901547|363847|83796|306258|147646|Moderado
881|Pagamentos|Baixa|817113|333486|292905|1229|189493|Conservador
882|Transferências|Moderado|788786|389053|140120|243547|16066|Moderado
883|Pagamentos|Alta|68614|24032|43910|629|43|Arrojado
884|Pagamentos|Baixa|360735|104033|179909|68255|8538|Conservador
885|Investimentos|Moderado|461373|87942|194518|164167|14746|Moderado
886|Pagamentos|Alta|928203|671359|217560|15549|23735|Arrojado
887|Pagamentos|Moderado|698966|270274|87974|295535|45183|Moderado
888|Transferências|Moderado|14945|8639|4118|1895|293|Moderado
889|Pagamentos|Alta|173661|131941|35132|5335|1253|Arrojado
890|Pagamentos|Baixa|515410|173315|174213|10178|157704|Conservador
891|Investimentos|Baixa|565312|107876|328721|58251|70464|Conservador
892|Investimentos|Alta|736816|7021|492404|156822|80569|Arrojado
893|Investimentos|Moderado|659504|382164|189777|68514|19049|Moderado
894|Investimentos|Alta|119338|7438|108845|585|2470|Arrojado
895|Transferências|Alta|725265|705417|6073|1483|12292|Arrojado
896|Pagamentos|Moderado|951408|268982|297338|370246|14842|Moderado
897|Transferências|Moderado|377918|209313|58445|96493|13667|Moderado
898|Transferências|Moderado|120089|59132|8628|43234|9095|Moderado
899|Investimentos|Alta|355581|42355|268884|31786|12556|Arrojado
900|Investimentos|Moderado|210149|109778|43592|43417|13362|Moderado
901|Transferências|Baixa|926514|123373|372924|299156|131061|Conservador
902|Pagamentos|Alta|670281|403930|140347|60883|65121|Arrojado
903|Pagamentos|Baixa|630613|186326|307987|114190|22110|Conservador
904|Investimentos|Moderado|179726|5198|61916|103498|9114|Moderado
905|Investimentos|Alta|240447|217363|21122|346|1616|Arrojado
906|Investimentos|Baixa|309264|70103|180949|29227|28985|Conservador
907|Transferências|Moderado|819052|404105|158357|90390|166200|Moderado
908|Transferências|Moderado|301004|157409|101103|27538|14954|Moderado
909|Pagamentos|Moderado|909349|631846|93575|96720|87208|Arrojado
910|Transferências|Moderado|529667|126422|221600|170507|11138|Moderado
911|Transferências|Alta|165521|150087|10275|1497|3662|Arrojado
912|Transferências|Baixa|445074|163599|253525|22281|5669|Conservador
913|Transferências|Alta|593538|498368|73176|10168|11826|Arrojado
914|Investimentos|Moderado|376487|215183|77831|66354|17119|Moderado
915|Pagamentos|Alta|735343|685572|34598|10433|4740|Arrojado
916|Investimentos|Alta|58623|37555|224|10491|10353|Arrojado
917|Transferências|Moderado|127233|64662|36480|8979|17112|Moderado
918|Pagamentos|Alta|508543|60942|424419|1943|21239|Arrojado
919|Transferências|Moderado|754587|610865|43023|6601|94098|Arrojado
920|Investimentos|Moderado|418011|235830|44044|116192|21945|Moderado
921|Investimentos|Alta|525509|414642|22199|11505|77163|Arrojado
922|Pagamentos|Moderado|107727|60301|36097|9211|2118|Moderado
923|Investimentos|Moderado|703665|459969|128716|81380|33600|Arrojado
924|Transferências|Baixa|972476|364908|341471|70307|195790|Conservador
925|Transferências|Moderado|898446|279729|77852|502478|38387|Moderado
926|Transferências|Alta|610438|65352|457353|70944|16789|Arrojado
927|Transferências|Moderado|328184|319034|1613|7335|202|Arrojado
928|Pagamentos|Moderado|96646|69222|17514|4326|5584|Arrojado
929|Pagamentos|Alta|966361|686532|213332|46940|19557|Arrojado
930|Transferências|Moderado|605688|193125|215757|23339|173467|Conservador
931|Investimentos|Moderado|325492|192942|62397|60466|9687|Moderado
932|Investimentos|Alta|76243|2911|57251|6743|9338|Arrojado
933|Pagamentos|Alta|847024|655342|74787|70812|46083|Arrojado
934|Investimentos|Moderado|715863|385049|236353|15565|78896|Moderado
935|Pagamentos|Moderado|550662|166501|147970|207604|28587|Moderado
936|Transferências|Moderado|634892|8852|452742|119933|53365|Arrojado
937|Pagamentos|Baixa|626691|74150|159450|237714|155377|Conservador
938|Investimentos|Moderado|945872|925887|8073|2572|9340|Arrojado
939|Investimentos|Alta|230428|150845|59532|19097|954|Arrojado
940|Investimentos|Alta|611531|367613|85629|56968|101321|Arrojado
941|Transferências|Alta|184900|140878|28017|7728|8277|Arrojado
942|Investimentos|Baixa|251321|103021|77241|11457|59602|Conservador
943|Transferências|Moderado|981277|782982|15528|84049|98718|Arrojado
944|Pagamentos|Alta|952791|668386|103797|56209|124399|Arrojado
945|Investimentos|Alta|838283|810849|22284|2533|2617|Arrojado
946|Investimentos|Alta|66700|50784|1916|7088|6912|Arrojado
947|Pagamentos|Baixa|912440|161276|141734|22685|586745|Conservador
948|Transferências|Alta|957318|751774|58106|137246|10192|Arrojado
949|Pagamentos|Moderado|114847|45006|19336|19627|30878|Moderado
950|Transferências|Baixa|669869|203799|123833|87127|255110|Conservador
951|Investimentos|Moderado|884958|225665|229781|18660|410852|Conservador
952|Transferências|Moderado|15563|8594|6462|150|357|Moderado
953|Transferências|Alta|944456|569562|288507|81334|5053|Arrojado
954|Pagamentos|Alta|519730|458052|60653|110|915|Arrojado
955|Investimentos|Alta|358258|340068|8871|2092|7227|Arrojado
956|Transferências|Moderado|411286|204796|96662|70415|39413|Moderado
957|Transferências|Moderado|59525|17280|10819|21768|9658|Moderado
958|Investimentos|Baixa|45339|17103|26291|1753|192|Conservador
959|Transferências|Alta|647240|621996|8061|1690|15493|Arrojado
960|Investimentos|Moderado|238060|73042|68513|92568|3937|Moderado
961|Pagamentos|Moderado|49935|26522|19236|924|3253|Moderado
962|Transferências|Moderado|417963|249842|34352|109873|23896|Moderado
963|Transferências|Baixa|641437|138892|199991|153989|148565|Conservador
964|Pagamentos|Baixa|755069|334516|117001|18126|285426|Conservador
965|Pagamentos|Moderado|700541|365763|278523|43250|13005|Moderado
966|Pagamentos|Moderado|965925|345207|607991|11377|1350|Arrojado
967|Investimentos|Moderado|885635|520078|94446|165630|105481|Moderado
968|Transferências|Moderado|465072|272904|150565|40710|893|Moderado
969|Transferências|Alta|63949|63706|233|5|5|Arrojado
970|Transferências|Alta|130602|102892|6061|8835|12814|Arrojado
971|Transferências|Moderado|996797|198770|790340|1097|6590|Arrojado
972|Investimentos|Alta|619532|569184|21629|24649|4070|Arrojado
973|Pagamentos|Alta|969270|606894|29626|266241|66509|Arrojado
974|Investimentos|Alta|384086|377864|5019|826|377|Arrojado
975|Investimentos|Alta|921498|686208|123181|101555|10554|Arrojado
976|Pagamentos|Moderado|296226|143332|89830|15100|47964|Moderado
977|Transferências|Moderado|376692|202112|72563|63418|38599|Moderado
978|Investimentos|Moderado|429562|178319|105400|37776|108067|Moderado
979|Pagamentos|Baixa|737836|196310|68330|188435|284761|Conservador
980|Investimentos|Alta|386714|289044|23642|4740|69288|Arrojado
981|Investimentos|Baixa|935865|377567|153080|52798|352420|Conservador
982|Transferências|Alta|714111|613341|37222|46303|17245|Arrojado
983|Transferências|Alta|184868|172688|3621|1346|7213|Arrojado
984|Investimentos|Moderado|379496|77970|16252|258740|26534|Arrojado
985|Investimentos|Alta|630113|455668|30514|7961|135970|Arrojado
986|Investimentos|Baixa|505173|131083|264222|79091|30777|Conservador
987|Pagamentos|Moderado|293074|76019|93369|81272|42414|Moderado
988|Transferências|Baixa|638656|47237|161291|121085|309043|Conservador
989|Transferências|Alta|304561|186330|1942|15674|100615|Arrojado
990|Investimentos|Moderado|252546|106425|47689|76815|21617|Moderado
991|Pagamentos|Alta|764352|761437|1723|269|923|Arrojado
992|Investimentos|Moderado|893042|498705|387092|791|6454|Moderado
993|Pagamentos|Moderado|507692|249614|118257|122655|17166|Moderado
994|Investimentos|Alta|487879|350435|80006|48768|8670|Arrojado
995|Investimentos|Moderado|459028|273636|97882|38954|48556|Moderado
996|Investimentos|Alta|670109|161442|431969|27405|49293|Arrojado
997|Investimentos|Moderado|596403|472022|101959|12610|9812|Arrojado
998|Transferências|Alta|568498|112216|404784|18790|32708|Arrojado
999|Investimentos|Alta|595688|359567|77974|112462|45685|Arrojado
1000|Pagamentos|Moderado|315259|83148|99647|125735|6729|Moderado
